,title,originallink,link,description,pubDate
0,무면허 미성년자 교통사고 급증…연평균 21명 사망,http://mbn.mk.co.kr/pages/news/newsView.php?category=mbn00006&news_seq_no=4611820,https://news.naver.com/main/read.naver?mode=LSD&mid=sec&sid1=100&oid=057&aid=0001612713,"강득구 의원은 최근 무면허 미성년자들의 위험한 질주가 계속되고 있다. 특히, 렌터카 업체에 다른 사람의 명의를 도용해 비대면 방식으로 차량을 빌린 후 사고를 내는 경우가 빈번하게 발생하고 있다며 렌터카... ","Thu, 07 Oct 2021 17:38:00 +0900"
1,"미성년자 무면허 교통사고, 2년새 34% 급증",http://yna.kr/AKR20211006172000001?did=1195m,https://news.naver.com/main/read.naver?mode=LSD&mid=sec&sid1=100&oid=001&aid=0012651864,"강득구 단순한 호기심 운전, 중대 범죄임을 인식해야 미성년자가 일으킨 무면허 교통사고 건수가 2년새... 강 의원은 다른 사람의 명의를 도용해 렌터카 업체에서 비대면 방식으로 차량을 빌려 사고를 내는 등... ","Thu, 07 Oct 2021 06:00:00 +0900"
2,광주·전남 미성년 무면허 교통사고 사망자 전국 최다,http://www.newsis.com/view/?id=NISX20211007_0001605952&cID=10809&pID=10800,https://news.naver.com/main/read.naver?mode=LSD&mid=sec&sid1=102&oid=003&aid=0010756510,강득구 의원은 최근 무면허 미성년자들의 위험한 질주가 계속되고 있다. 렌터카 업체에 다른 사람의 명의를 도용해 비대면 방식으로 차량을 빌린 뒤 사고가 나는 사례가 빈번하다며 렌터카 회사는 신분 확인... ,"Thu, 07 Oct 2021 11:31:00 +0900"
3,PK 미성년 운전사고 112건 2명 사망 155명 부상,http://news.knn.co.kr/news/todaynews_read.asp?etime=2021101000005&userid=chutak&newsgubun=society,http://news.knn.co.kr/news/todaynews_read.asp?etime=2021101000005&userid=chutak&newsgubun=society,도로교통공단의 자료에 따르면 부산에서는 60건의 미성년 무면허 교통사고가 발생해 89명이 다쳤고 경남에서는 52건이 발생해 2명이 숨지고 66명이 다쳤습니다. 특히 비대면 방식으로 렌터카를 빌린 뒤 사고를 내는... ,"Mon, 11 Oct 2021 08:28:00 +0900"
4,미성년 무면허 교통사고 작년 833건…2년새 34.8% 급증,https://www.news1.kr/articles/?4454570,https://news.naver.com/main/read.naver?mode=LSD&mid=sec&sid1=102&oid=421&aid=0005642633,무면허 사고 관련 가해 미성년자 연령 분포를 보면 17세가 27.7%(593명)로 가장 많았다. 이어 Δ16세 22.5... 강 의원은 최근 미성년자들이 렌터카 업체에 다른 사람 명의를 도용해 비대면 방식으로 차량을 빌린... ,"Thu, 07 Oct 2021 11:05:00 +0900"
5,우후죽순 늘어나는 렌터카에…청소년 무면허 사고 범죄 기승,http://news.mk.co.kr/newsRead.php?no=940871&year=2021,https://news.naver.com/main/read.naver?mode=LSD&mid=sec&sid1=102&oid=009&aid=0004860106,"4일 국회 정무위원회 소속 윤관석 의원(더불어민주당 사무총장·인천남동을)이 도로교통공단에서 제출받은 '최근 7년간 청소년 무면허 렌터카 사고발생 현황' 자료를 분석한 결과, 2014년부터 지난해까지 582건의... ","Tue, 05 Oct 2021 08:11:00 +0900"
6,청소년 '무면허 렌터카' 사고 느는데···업계는 SNS로 ‘미성년자 렌트 유혹...,https://www.khan.co.kr/national/incident/article/202110041013001,https://news.naver.com/main/read.naver?mode=LSD&mid=sec&sid1=102&oid=032&aid=0003101502,"국회 정무위원회 소속 윤관석 더불어민주당 의원이 4일 도로교통공단으로부터 받은 ‘최근 7년간 청소년 무면허 렌터카 사고발생 현황’ 자료를 보면, 2014년부터 지난해까지 582건의 사고가 발생했다. 이 기간... ","Mon, 04 Oct 2021 10:14:00 +0900"
7,미성년자 무면허 교통사고 3년간 2140건…전년比 20%↑,http://www.edaily.co.kr/news/newspath.asp?newsid=02719126629210624,https://news.naver.com/main/read.naver?mode=LSD&mid=sec&sid1=102&oid=018&aid=0005054158,"강득구 의원은 “최근 무면허 미성년자들의 위험한 질주가 계속되고 있다. 특히 렌터카 업체에 다른 사람의 명의를 도용, 비대면 방식으로 차량을 빌린 후 사고를 내는 경우가 빈번하게 발생하고 있다”며... ","Thu, 07 Oct 2021 13:45:00 +0900"
8,`도로 위 시한폭탄` 청소년 무면허 렌터카 사고 증폭…7년간 582건,http://www.dt.co.kr/contents.html?article_no=2021100402109958056001&ref=naver,https://news.naver.com/main/read.naver?mode=LSD&mid=sec&sid1=102&oid=029&aid=0002699202,윤관석 민주당 의원 '미성년자 렌트 가능' 불법 광고 성행…대책 마련 필요 최근 코로나19 확산과 더불어 청소년 무면허 렌터카 사고 건수가 증가세를 보이면서 대책 마련이 시급하다는 목소리가 나온다. 4일... ,"Mon, 04 Oct 2021 11:30:00 +0900"
9,강득구 미성년자 무면허 교통사고 급증,http://www.kihoilbo.co.kr/news/articleView.html?idxno=948808,http://www.kihoilbo.co.kr/news/articleView.html?idxno=948808,강 의원은 최근 무면허 미성년자들의 위험한 질주가 계속되고 있다. 특히 렌터카 업체에 다른 사람의 명의를 도용해 비대면 방식으로 차량을 빌린 후 사고를 내는 경우가 빈번하게 발생하고 있다며 렌터카... ,"Thu, 07 Oct 2021 21:24:00 +0900"
10,[국감브리핑]미성년자 무면허 교통사고 3년간 2140건…매년 증가세,https://www.news1.kr/articles/?4454487,https://news.naver.com/main/read.naver?mode=LSD&mid=sec&sid1=102&oid=421&aid=0005642450,미성년자 무면허 사고는 Δ2018년 618건 Δ2019년 689건 Δ2020년 833건으로 매년 증가 추세를 보이고 있다. 이... 강 의원은 “최근 렌터카 업체에 다른 사람의 명의를 도용해 비대면 방식으로 차량을 빌린 후 사고를... ,"Thu, 07 Oct 2021 10:30:00 +0900"
11,"청소년 무면허 렌터카 사고, 7년간 582건 발생",http://www.skyedaily.com/news/news_view.html?ID=142154,http://www.skyedaily.com/news/news_view.html?ID=142154,7년간 사망 14명·부상 1010명…청소년 유혹하는 SNS불법광고 판쳐 강주현기자(jhkang@skyedaily.com) 기사입력 2021-10-04 12:12:32 ▲ 최근 수년간 청소년들의 무면허 렌터카 사고 건수가 꾸준히 늘어온 것으로 나타났다.... ,"Mon, 04 Oct 2021 12:16:00 +0900"
12,“10만 원에 면허 계정 빌려줍니다”…미성년자 렌터카 사고 급증,https://news.kbs.co.kr/news/view.do?ncd=5292466&amp;ref=A,https://news.naver.com/main/read.naver?mode=LSD&mid=sec&sid1=102&oid=056&aid=0011130658,"​최근 몇 년 사이 10대들의 무면허 렌터카 사고가 늘고 있습니다. 면허가 없는 이들이 어떻게 차를 빌리는가 봤더니, 비대면 방식으로 차를 빌리는 차량 공유 어플에 허점이 있었는데요. 심지어 돈을 받고 면허증이... ","Sun, 03 Oct 2021 21:36:00 +0900"
13,윤관석 비대면 속 청소년 무면허 렌터카사고 급증,http://www.kihoilbo.co.kr/news/articleView.html?idxno=948176,http://www.kihoilbo.co.kr/news/articleView.html?idxno=948176,"기호일보 - 아침을 여는 신문, KIHOILBO 더불어민주당 윤관석(인천남동을·사진) 의원은 4일 청소년들의 무면허 렌터카 사고가 급증하고 있다며 대책을 촉구했다. 청소년 무면허 렌터카 사고는 2014년부터 지난해까지... ","Mon, 04 Oct 2021 19:42:00 +0900"
14,"윤관석, 청소년 무면허 렌터카 사고로 7년간 14명 사망",http://www.incheonilbo.com/news/articleView.html?idxno=1114627,http://www.incheonilbo.com/news/articleView.html?idxno=1114627,더불어민주당 윤관석(인천 남동을·국회 정무위원회) 국회의원이 도로교통공단에서 제출받은 '최근 7년간 청소년 무면허 렌터카 사고발생현황' 자료를 분석한 결과 2014년부터 지난해까지 582건의 사고가... ,"Mon, 04 Oct 2021 14:20:00 +0900"
15,PK 미성년 운전사고 112건 2명 사망 155명 부상,http://news.knn.co.kr/news/todaynews_read.asp?etime=2021101000005&userid=chutak&newsgubun=society,http://news.knn.co.kr/news/todaynews_read.asp?etime=2021101000005&userid=chutak&newsgubun=society,도로교통공단의 자료에 따르면 부산에서는 60건의 미성년 무면허 교통사고가 발생해 89명이 다쳤고 경남에서는 52건이 발생해 2명이 숨지고 66명이 다쳤습니다. 특히 비대면 방식으로 렌터카를 빌린 뒤 사고를 내는... ,"Sun, 10 Oct 2021 15:58:00 +0900"
16,최근 7년간 무면허 청소년 렌터카 사고 대전이 전국 4번째,https://news.kbs.co.kr/news/view.do?ncd=5293471&amp;ref=A,https://news.naver.com/main/read.naver?mode=LSD&mid=sec&sid1=102&oid=056&aid=0011131495,국회 정무위 소속 윤관석 의원이 도로교통공단에서 제출받은 자료를 보면 지난 2014년부터 지난해까지 대전에서 발생한 청소년 무면허 렌터카 사고는 모두 48건으로 전국 17개 시도 가운데 4번째로 많았습니다. 같은... ,"Tue, 05 Oct 2021 09:17:00 +0900"
17,청소년 무면허 렌터카 사고 증가세…7년간 사고 582건,http://www.shinailbo.co.kr/news/articleView.html?idxno=1466831,http://www.shinailbo.co.kr/news/articleView.html?idxno=1466831,국회 정무위원회 소속 윤관석 의원(더불어민주당 사무총장·인천남동을)이 4일 도로교통공단에서 제출받은 ‘최근 7년간 청소년 무면허 렌터카 사고발생현황’ 자료를 분석한 결과 2014년부터 지난해까지... ,"Mon, 04 Oct 2021 15:16:00 +0900"
18,"윤관석 의원, 청소년 무면허 렌터카 사고 증가세",http://www.ccnnews.co.kr/news/articleView.html?idxno=233141,http://www.ccnnews.co.kr/news/articleView.html?idxno=233141,국회 정무위원회 소속 윤관석 의원(더불어민주당 사무총장·인천남동을)이 도로교통공단에서 제출받은 '최근 7년간 청소년 무면허 렌터카 사고발생현황' 자료를 분석한 결과 2014년부터 지난해까지 582건의... ,"Mon, 04 Oct 2021 15:07:00 +0900"
19,인천 렌터카 사고 30% 이상 '10대 무면허',http://www.ifm.kr/news/319679,http://www.ifm.kr/news/319679,지난 2014년부터 지난해까지 최근 7년간 인천지역에서 발생한 청소년 무면허 렌터카 사고는 39건으로 전국 17개 시·도 가운데 4번째로 많았습니다. 이 기간 청소년 무면허 렌터카 사고로 발생한 부상자와 사망자도... ,"Tue, 05 Oct 2021 17:51:00 +0900"
20,"미성년자 무면허 교통사고, 2년새 34% 급증…“중대범죄 인식해야”",http://news.heraldcorp.com/view.php?ud=20211007000030,https://news.naver.com/main/read.naver?mode=LSD&mid=sec&sid1=100&oid=016&aid=0001896129,"미성년자 무면허 교통사고 건수는 2018년 618건, 2019년 689건, 지난해 833건으로 꾸준히 증가했다. 총 2140 건의... 강 의원은 다른 사람의 명의를 도용해 렌터카 업체에서 비대면 방식으로 차량을 빌려 사고를 내는 등... ","Thu, 07 Oct 2021 07:09:00 +0900"
21,최근 7년간 무면허 청소년 렌터카 사고 대전이 전국 4번째,https://news.kbs.co.kr/news/view.do?ncd=5293072&amp;ref=A,https://news.naver.com/main/read.naver?mode=LSD&mid=sec&sid1=102&oid=056&aid=0011131130,국회 정무위 소속 윤관석 의원이 도로교통공단에서 제출받은 자료를 보면 지난 2014년부터 지난해까지 대전에서 발생한 청소년 무면허 렌터카 사고는 모두 48건으로 전국 17개 시도 가운데 4번째로 많았습니다. 같은... ,"Mon, 04 Oct 2021 19:54:00 +0900"
22,충청권 미성년자 무면허 교통사고 90건,http://www.jbnews.com/news/articleView.html?idxno=1348341,http://www.jbnews.com/news/articleView.html?idxno=1348341,"지난해 사망자 3명·부상자 144명… 강득구 렌터카 신분확인 절차 필요 〔중부매일 김홍민 기자〕충청권에서 지난해 90건의 미성년자 무면허 교통사고로 사망자 3명, 부상자 144명이 발생했다. 충청권 4개 시·도중... ","Thu, 07 Oct 2021 18:00:00 +0900"
23,충북 청소년 무면허 렌터카 사고 '여전',http://www.jbnews.com/news/articleView.html?idxno=1348131,http://www.jbnews.com/news/articleView.html?idxno=1348131,윤 의원은 비대면 차량 대여 서비스 이용시 면허 본인 확인 절차를 강화하는 것은 물론 정부에서 불법 광고 특별단속에 나서는 등 범정부 합동 대책마련이 시급한다고 지적했다. 무면허렌터카사고,"Mon, 04 Oct 2021 17:24:00 +0900"
24,청소년 무면허 렌터카 사고 급증… 대책 마련 시급,http://www.joongboo.com/news/articleView.html?idxno=363505746,http://www.joongboo.com/news/articleView.html?idxno=363505746,"4일 윤관석 더불어민주당(인천 남동을) 의원이 도로교통공단으로부터 제출받은 '최근 7년간 청소년 무면허 렌터카 사고발생현황'자료에 따르면 총 582건의 사고가 발생해 사망자는 14명, 부상자는 1천10명에 달하는... ","Mon, 04 Oct 2021 17:34:00 +0900"
25,최근 7년간 무면허 청소년 렌터카 사고 대전이 전국 4번째,https://news.kbs.co.kr/news/view.do?ncd=5293214&amp;ref=A,https://news.naver.com/main/read.naver?mode=LSD&mid=sec&sid1=102&oid=056&aid=0011131258,국회 정무위 소속 윤관석 의원이 도로교통공단에서 제출받은 자료를 보면 지난 2014년부터 지난해까지 대전에서 발생한 청소년 무면허 렌터카 사고는 모두 48건이었습니다.,"Mon, 04 Oct 2021 22:12:00 +0900"
26,[2021 국감] 미성년자의 위험한 질주…무면허 교통사고 급증,http://www.newspim.com/news/view/20211007000561,http://www.newspim.com/news/view/20211007000561, 지난해 미성년자의 무면허 교통사고가 3년 전에 비해 34%가량 급증한 것으로 나타났다. 렌터카 업체에 다른 사람의 명의를 도용해 비대면 방식으로 차량을 빌린 후 사고가 빈번히 발생하는 것으로 파악됐다.... ,"Thu, 07 Oct 2021 11:36:00 +0900"
27,미성년자 무면허 교통사고 2년 새 34% 급증,http://www.weeklytoday.com/news/articleView.html?idxno=411236,http://www.weeklytoday.com/news/articleView.html?idxno=411236,이에 강득구 의원은 최근 무면허 미성년자들의 위험한 질주가 계속되고 있다. 특히 렌터카 업체에 다른 사람의 명의를 도용해 비대면 방식으로 차량을 빌린 후 사고를 내는 경우가 빈번하게 발생하고 있다고... ,"Thu, 07 Oct 2021 10:16:00 +0900"
28,[2021 국감] 미성년자 무면허 교통사고 급증,http://www.chungnamilbo.co.kr/news/articleView.html?idxno=626556,http://www.chungnamilbo.co.kr/news/articleView.html?idxno=626556,이에 강득구 의원은 최근 무면허 미성년자들의 위험한 질주가 계속되고 있다. 특히 렌터카 업체에 다른 사람의 명의를 도용해 비대면 방식으로 차량을 빌린 후 사고를 내는 경우가 빈번하게 발생하고 있다며... ,"Thu, 07 Oct 2021 16:02:00 +0900"
29,"미성년자 무면허 교통사고, 2년새 34%나 늘었다",http://mbn.mk.co.kr/pages/news/newsView.php?category=mbn00009&news_seq_no=4611436,https://news.naver.com/main/read.naver?mode=LSD&mid=sec&sid1=102&oid=057&aid=0001612634,무면허 사고 관련 가해 미성년자 연령 분포를 보면 17세가 27.7%(593명)로 가장 많았습니다. 이어 △16세... 강 의원은 최근 미성년자들이 렌터카 업체에 다른 사람 명의를 도용해 비대면 방식으로 차량을 빌린... ,"Thu, 07 Oct 2021 12:41:00 +0900"
30,광주ㆍ전남 청소년 무면허 렌터카 사고 증가세,http://ikbc.co.kr/kor/news?mode=view&nwCd=main_news_05&menuId=56_65_702&nwid=373165,http://ikbc.co.kr/kor/news?mode=view&nwCd=main_news_05&menuId=56_65_702&nwid=373165,"광주ㆍ전남 지역 청소년 무면허 렌터카 사고가 꾸준히 증가하고 있는 것으로 나타났습니다. 국회 정무위 윤관석 의원이 공개한 청소년 무면허 렌터카 사고 발생 현황에 따르면, 광주ㆍ전남에서는 지난 2016년부터... ","Wed, 06 Oct 2021 09:44:00 +0900"
31,청소년 렌터카 사고 증가...7년간 사고 582건,http://www.ezyeconomy.com/news/articleView.html?idxno=113327,http://www.ezyeconomy.com/news/articleView.html?idxno=113327," 최근 7년간 청소년 무면허 렌터카 사고가 크게 증가한 것으로 나타났다. 윤관석 의원(사진, 인천남동을, 더불어민주당)이 도로교통공단에서 제출받은 '최근 7년간 청소년 무면허 렌터카 사고발생현황... ","Mon, 04 Oct 2021 12:39:00 +0900"
32,인천 무면허 청소년 렌터카 질주 교통사고 지난해 12건,http://www.incheontoday.com/news/articleView.html?idxno=211895,http://www.incheontoday.com/news/articleView.html?idxno=211895,"국회 정무위원회 민주당 윤관석(인천남동을) 의원이 도로교통공단으로부터 받아 공개한 '최근 7년간 청소년 무면허 렌터카 사고발생 현황' 자료를 보면, 2014년부터 2020년까지 국내에서 사고 582건이... ","Tue, 05 Oct 2021 13:41:00 +0900"
33,청소년 무면허 렌터카 사고로 7년간 사망 14명·부상 1010명,http://www.newscape.co.kr/news/articleView.html?idxno=73215,http://www.newscape.co.kr/news/articleView.html?idxno=73215, 국회 정무위원회 소속 윤관석 더불어민주당 의원은 도로교통공단에서 제출받은 '최근 7년간 청소년 무면허 렌터카 사고발생현황' 자료를 분석한 결과 2014년부터 지난해까지 582건의 사고가 발생했으며 같은... ,"Mon, 04 Oct 2021 14:31:00 +0900"
34,미성년자 무면허 교통사고 지난해 전북에선 한 달에 한번 꼴로 발생,http://www.domin.co.kr/news/articleView.html?idxno=1356522,http://www.domin.co.kr/news/articleView.html?idxno=1356522,강득구 의원은 최근 무면허 미성년자들의 위험한 질주가 계속되고 있다. 특히 렌터카 업체에 다른 사람의 명의를 도용해 비대면 방식으로 차량을 빌린 후 사고를 내는 경우가 빈번하게 발생하고 있다며 렌터카 회사는... ,"Thu, 07 Oct 2021 20:08:00 +0900"
35,“10만 원에 면허 계정 빌려줍니다”…미성년자 렌터카 사고 급증,https://news.kbs.co.kr/news/view.do?ncd=5292586&amp;ref=A,https://news.naver.com/main/read.naver?mode=LSD&mid=sec&sid1=102&oid=056&aid=0011130762,청소년들이 낸 무면허 렌터카 사고는 2016년까지는 두 자릿수였습니다. 이후 100건을 넘기 시작해 지난해 120건을 넘었습니다. 비대면 방식으로 차를 빌리는 차량공유 앱이 이유로 꼽힙니다. 오프라인 렌터카 업체는... ,"Mon, 04 Oct 2021 06:49:00 +0900"
36,"강득구 의원, 미성년자 무면허 교통사고 급증... 교통안전 교육 대책 필요",http://www.lawissue.co.kr/view.php?ud=202110071838397672b3279dfb36_12,http://www.lawissue.co.kr/view.php?ud=202110071838397672b3279dfb36_12,"강득구 의원은 “최근 무면허 미성년자들의 위험한 질주가 계속되고 있다. 특히, 렌터카 업체에 다른 사람의 명의를 도용해 비대면 방식으로 차량을 빌린 후 사고를 내는 경우가 빈번하게 발생하고 있다.”고... ","Thu, 07 Oct 2021 18:40:00 +0900"
37,경기·인천 '청소년 무면허 운전 교통사고' 급증… 발생율 서울의 2배,http://www.kyeongin.com/main/view.php?key=20211007010001048,http://www.kyeongin.com/main/view.php?key=20211007010001048,국회 교육위원회 소속 더불어민주당 강득구 의원이 도로교통공단에 제출받은 '미성년자 무면허 교통사고... 이 같은 급증세는 코로나19 등의 여파로 렌터카 업체가 비대면 방식으로 영업을 진행하면서 청소년들이... ,"Thu, 07 Oct 2021 17:10:00 +0900"
38,무면허도 미성년자도 카셰어링 OK? 대책없나,http://www.knnews.co.kr/news/articleView.php?idxno=1360926,http://www.knnews.co.kr/news/articleView.php?idxno=1360926,"도로교통공단 울산·경남지부에 따르면, 최근 7년간 경남 도내 청소년 무면허 렌터카 사고는 총 24건 발생했다. 연도별로는 2014년 5건 이후 2015·2016년 각 1건으로 줄었다가 2017년 다시 5건으로 급증했다. 이어 2018년... ","Tue, 05 Oct 2021 21:42:00 +0900"
39,미성년자 무면허 교통사고 `위험수위',http://www.cctimes.kr/news/articleView.html?idxno=675855,http://www.cctimes.kr/news/articleView.html?idxno=675855,충북에서 최근 3년간 발생한 미성년자 무면허 교통사고가 30여 건에 이르는 것으로 집계됐다. 7일 국회... 강 의원은 최근 렌터카 업체에 다른 사람의 명의를 도용해 비대면 방식으로 차량을 빌린 후 사고를 내는... ,"Thu, 07 Oct 2021 20:39:00 +0900"
40,[2021 국감] 미성년자 무면허 교통사고 2년 사이 34% 급증,http://www.bizwnews.com/news/articleView.html?idxno=28131,http://www.bizwnews.com/news/articleView.html?idxno=28131,"강득구 의원은 최근 무면허 미성년자들의 위험한 질주가 계속되고 있다. 특히, 렌터카 업체에 다른 사람의 명의를 도용해 비대면 방식으로 차량을 빌린 후 사고를 내는 경우가 빈번하게 발생하고 있다고... ","Thu, 07 Oct 2021 15:53:00 +0900"
41,"[2021국감]강득구, 미성년자 무면허 교통사고 2년 새 34% 급증",http://www.iminju.net/news/articleView.html?idxno=75609,http://www.iminju.net/news/articleView.html?idxno=75609,"지난 3년 미성년자 무면허 사고로 2140건의 교통사고가 일어나 3121명이 부상, 63명이 숨졌다. 무면허 사고... 강 의원은 렌터카 업체에 다른 사람의 명의를 도용해 비대면 방식으로 차량을 빌린 후 사고를 내는... ","Thu, 07 Oct 2021 14:03:00 +0900"
42,미성년자 무면허 교통사고 2년새 34% '껑충',http://www.jeonmae.co.kr/news/articleView.html?idxno=857209,http://www.jeonmae.co.kr/news/articleView.html?idxno=857209,이에 강 의원은 최근 무면허 미성년자들의 위험한 질주가 계속되고 있다. 특히 렌터카 업체에 다른 사람의 명의를 도용해 비대면 방식으로 차량을 빌린 후 사고를 내는 경우가 빈번하게 발생하고 있다며... ,"Thu, 07 Oct 2021 16:09:00 +0900"
43,[기고] 공유경제 위협하는 청소년 무면허 운전,https://www.khan.co.kr/opinion/contribution/article/202110010300005,https://news.naver.com/main/read.naver?mode=LSD&mid=sec&sid1=110&oid=032&aid=0003101072,"카셰어링을 포함한 렌터카는 최근 3년간 무면허 교통사고가 연평균 380건이 발생했고, 이는 매년 4.4% 증가하고 있다. 이 중 20세 이하 운전자로 인한 사고 비율은 38%, 사망자는 60%를 각각 차지한다. 게다가 이들의 음주운전... ","Fri, 01 Oct 2021 03:01:00 +0900"
44,"미성년자 무면허 교통사고, 2년 새 34% 늘어…교통안전 교육 강화해야",http://www.pinpointnews.co.kr/view.php?ud=2021100713152229846cee81a9c1_45,http://www.pinpointnews.co.kr/view.php?ud=2021100713152229846cee81a9c1_45,이에 강 의원은 “최근 무면허 미성년자들의 위험한 질주가 계속되고 있다. 특히 렌터카 업체에 다른 사람의 명의를 도용해 비대면 방식으로 차량을 빌린 후 사고를 내는 경우가 빈번하게 발생하고 있다”고... ,"Thu, 07 Oct 2021 13:17:00 +0900"
45,‘미성년자 렌트 가능’ 불법광고 여전…7년간 사고 582건ㆍ사망 14명 발생,http://www.mdtoday.co.kr/mdtoday/index.html?no=431288,http://www.mdtoday.co.kr/mdtoday/index.html?no=431288,"국회 정무위원회 소속 더불어민주당 윤관석 의원이 도로교통공단에서 제출받은 ‘최근 7년간 청소년 무면허 렌터카 사고발생현황’ 자료를 분석한 결과 2014년부터 지난해까지 582건의 사고가 발생했으며, 같은... ","Mon, 04 Oct 2021 10:06:00 +0900"
46,가을철 나들이 '렌터카 교통사고' 주의보…음주·무면허 특히 취약,https://www.news1.kr/articles/?4442627,https://news.naver.com/main/read.naver?mode=LSD&mid=sec&sid1=101&oid=421&aid=0005620068,월별로는 전체 무면허 렌터카 사고 사망자의 40%가 가을철인 9~11월에 숨졌다. 교통사고 100건당 사망자 수를 나타내는 치사율로 살펴봐도 가을철이 2.2로 전체 평균인 1.3보다 높았다. 음주운전으로 인한 렌터카... ,"Sat, 25 Sep 2021 08:00:00 +0900"
47,"[2021 국감]강득구 미성년자 무면허 교통사고, 지난해 833건",https://www.asiatoday.co.kr/view.php?key=20211007010003560,https://www.asiatoday.co.kr/view.php?key=20211007010003560,"이 교통사고로 부상자는 3121명, 사망자는 63명이 나왔다.무면허 사고 가해자를 연령별로 보면 17세가... 강 의원은 “다른 사람의 명의를 도용해 렌터카 업체에서 비대면 방식으로 차량을 빌려 사고를 내는 등... ","Thu, 07 Oct 2021 11:30:00 +0900"
48,[사설] 무면허 미성년 공유차 이용 단속 강화해야,http://www.knnews.co.kr/news/articleView.php?idxno=1360940,http://www.knnews.co.kr/news/articleView.php?idxno=1360940,청소년들의 무면허 운전 교통사고가 증가하고 있는 현실에서 ‘공유차(카셰어링)’계정 아이디를 불법으로... 도로교통공단 울산·경남지부가 집계한 최근 7년간 도내 청소년에 의한 렌터카 사고는 24건이지만 2017년 이후... ,"Tue, 05 Oct 2021 21:42:00 +0900"
49,10대 무면허 운전 여전…시민 안전 '위협',http://www.gwangnam.co.kr/read.php3?aid=1633942098398446023,http://www.gwangnam.co.kr/read.php3?aid=1633942098398446023,"김정호 호남대 경찰행정학과 교수는 “최근 차를 쉽게 빌릴 수 있는 환경으로 특히 렌터카 관련 10대 무면허 운전 사고가 많이 발생하는데 렌터카 업체에 한해서라도 신분증 확인, 인증체계를 강화해야 한다”... ","Mon, 11 Oct 2021 17:52:00 +0900"
50,평소보다 교통사고 많은 추석...슬기로운 보험 대처법은?,https://hankookilbo.com/News/Read/A2021091716150000565?did=NA,https://news.naver.com/main/read.naver?mode=LSD&mid=sec&sid1=101&oid=469&aid=0000630491,"음주운전, 무면허 운전으로 인한 사고 피해자는 평상시와 비교해 각각 30.9%, 62.3% 증가했다. 중앙선 침범... 연휴 기간 동안에만 렌터카를 빌려 고향을 찾거나 여행을 떠날 경우엔 '원데이 보험'이 유리하다. 하루 단위로... ","Sat, 18 Sep 2021 09:00:00 +0900"
51,"[경기교육소식] 경기교육청, 국감서 ‘경기도형 도제실습’ 지적 등",https://www.pressian.com/pages/articles/2021100718232203544?utm_source=naver&utm_medium=search,https://news.naver.com/main/read.naver?mode=LSD&mid=sec&sid1=102&oid=002&aid=0002213391,"꾸준히 무면허 운전 사고가 증가하는 추세를 보이고 있다고 말했다. 이어 다른 사람의 명의를 도용해 렌터카 업체에서 비대면 방식으로 차량을 빌린 뒤 사고가 나는 사례가 빈번하게 발생하고 있는 만큼, 렌터카... ","Thu, 07 Oct 2021 19:29:00 +0900"
52,"[국감 현장] 경인 여야 의원들, 연휴도 잊은 피감기관 질타",http://www.kyeongin.com/main/view.php?key=20211004010000281,http://www.kyeongin.com/main/view.php?key=20211004010000281,윤관석 청소년 무면허 렌터카 사고… 7년간 582건임오경 올 한해 국외유출 문화재 20만4693점 달해송석준 내년부터 4년간 공공임대 66% 10평대 공급김선교 간척농지 태양광설치만 허가 염해보상 전무경기... ,"Mon, 04 Oct 2021 21:10:00 +0900"
53,청소년 무면허 렌터카 사고…7년간 582건·사망 14명·부상 1010명 달해,http://www.viva100.com/main/view.php?key=20211004010000514,http://www.viva100.com/main/view.php?key=20211004010000514,청소년 무면허 렌터카 사고…7년간 582건·사망 14명·부상 1010명 달해 10대 청소년 무면허 렌터가 교통사고가 매년 증가하고 있는 것으로 나타났다. 더불어민주당 국회 정무위원회 소속 윤관석 의원(인천남동을)... ,"Mon, 04 Oct 2021 14:02:00 +0900"
54,[사건·사고 25시] 조건만남 미끼 퍽치기·보이스피싱 조직원...경찰 비웃는 ...,http://www.ajunews.com/view/20210918172213645,http://www.ajunews.com/view/20210918172213645,"놀이터서 당당히 성관계...금은방 털고 렌터카로 경찰 따돌리기도 김정래 기자 kjl@ajunews.com 중학생 범죄가... A군은 무면허 운전한 것으로 드러났으며, 3명 중 2명이 차량을 훔쳤고 다른 1명은 절도 행위에는 가담하지 않은... ","Sun, 19 Sep 2021 08:02:00 +0900"
55,충북 렌터카 교통사고 증가세…5년간 사망 18명 부상 2586명,https://www.news1.kr/articles/?4411547,https://news.naver.com/main/read.naver?mode=LSD&mid=sec&sid1=102&oid=421&aid=0005557467,"무면허로 렌터카를 운전하다 사고를 낸 건수는 58건(3.9%)으로, 이로 인해 1명이 숨지고 107명이 다쳤다. 공단 관계자는 충북지역의 렌터카 교통사고는 매년 10.4%씩 증가하고 있다며 도내 전체... ","Mon, 23 Aug 2021 16:07:00 +0900"
56,충북 렌터카 교통사고 5년새 50% 이상 증가,http://www.cctimes.kr/news/articleView.html?idxno=670314,http://www.cctimes.kr/news/articleView.html?idxno=670314,"무면허로 렌터카를 운전하다 사고를 낸 건수는 58건(3.9%)으로, 이로 인해 1명이 숨지고 107명이 다쳤다. 공단 관계자는 충북지역의 렌터카 교통사고는 매년 10.4%씩 증가하고 있다며 도내 전체... ","Mon, 23 Aug 2021 20:13:00 +0900"
57,무면허 렌터카 사고… 페북 트위터 불법광고물 원인,https://www.newsclaim.co.kr/news/articleView.html?idxno=3000111,https://www.newsclaim.co.kr/news/articleView.html?idxno=3000111,이처럼 불법광고가 청소년 무면허 렌터카 사고 발생을 부추기고 있다. 4일 국회 정무위원회 소속 윤관석 의원(더불어민주당 사무총장·인천남동을)이 도로교통공단에서 제출받은 '최근 7년간 청소년 무면허... ,"Mon, 04 Oct 2021 13:13:00 +0900"
58,10대 무면허 운전 가장 큰 문제는 '이것',http://www.segye.com/content/html/2021/08/03/20210803515742.html?OutUrl=naver,https://news.naver.com/main/read.naver?mode=LSD&mid=sec&sid1=102&oid=022&aid=0003606772,최근에는 렌터카를 무면허로 운전을 하다 사고가 나는 10대들도 늘어나고 있다. 과거 10대들이 부모님 등 가족 소유 차를 타고 무면허 운전을 하던 것과 다른 모습이다. 한국교통안전공단에 따르면 지난 2015~2019년... ,"Wed, 04 Aug 2021 07:04:00 +0900"
59,훔친 차에 경찰 매달고 '지그재그 질주'…막가는 무면허 10대들,https://www.news1.kr/articles/?4392004,https://news.naver.com/main/read.naver?mode=LSD&mid=sec&sid1=102&oid=421&aid=0005519025,최근에는 렌터카를 무면허로 운전을 하다 사고가 나는 10대들도 늘어나고 있다. 과거 10대들이 부모님 등 가족 소유 차를 타고 무면허 운전을 하던 것과 다른 모습이다. 한국교통안전공단에 따르면 지난 2015~2019년... ,"Tue, 03 Aug 2021 10:42:00 +0900"
60,"'무면허 운전' 간 큰 10대들…렌터카 훔치고, 명의 도용하고",https://view.asiae.co.kr/article/2021050821433209135,https://news.naver.com/main/read.naver?mode=LSD&mid=sec&sid1=102&oid=277&aid=0004899150,2015∼2019년 발생한 10대 무면허 교통사고는 총 3301건으로 집계됐다. 이로 인해 91명이 사망했고 4849명이 부상을 입었다. 같은 기간 10대 무면허 렌터카 교통사고는 총 405건으로 이 중 8명이 목숨을 잃었고 722명이 다쳤다.,"Sat, 08 May 2021 21:43:00 +0900"
61,대낮 도심 질주한 10대…무면허 렌터카 사고 언제까지,http://www.kukinews.com/newsView/kuk202103100207,http://www.kukinews.com/newsView/kuk202103100207,"10대의 무면허 렌터카 사고는 최근 급증하는 추세다. 지난해 11월 한국교통안전공단에 따르면 렌터카 무면허 교통사고는 2015년 274건, 2016년 237건, 2017년 353건, 2018년 366건, 2019년 375건으로 해마다 늘고 있다. 이 가운데... ","Thu, 11 Mar 2021 06:31:00 +0900"
62,인천 무면허 10대들 렌터카 빌려 '위험한 질주',http://www.kyeonggi.com/news/articleView.html?idxno=2360738,http://www.kyeonggi.com/news/articleView.html?idxno=2360738,"특히 인천지역 청소년 무면허 렌터카사고는 2018년 4건, 2019년 8건, 2020년 12건으로 해마다 늘고 있는 실정이다. 이윤호 고려사이버대 경찰학과 석좌교수는 생명과 직결하는 범죄인 만큼 지역 경찰과 렌터카업계 등이... ","Thu, 29 Apr 2021 18:56:00 +0900"
63,"'무면허 렌터카' 10대, 뺑소니 사고 후 또 운전대 잡았다",https://hankookilbo.com/News/Read/A2021022617340002529?did=NA,https://news.naver.com/main/read.naver?mode=LSD&mid=sec&sid1=102&oid=469&aid=0000584302,"도로교통공단 교통사고분석시스템(TAAS)에 따르면 2015년부터 2019년까지 5년 동안 10대 무면허 렌터카 교통사고는 405건 발생했고, 이로 인해 사망자 8명과 부상자 722명이 나왔다. 이 기간 사건도 매년 13%씩 증가해, 최근엔... ","Mon, 01 Mar 2021 12:00:00 +0900"
64,미성년 무면허 교통사고 2년 새 34% 급증,http://www.newshankuk.com/news/content.asp?news_idx=202110081845110103,http://www.newshankuk.com/news/content.asp?news_idx=202110081845110103,"자료사진, 전남 목포경찰서는 2020년 9월 13일 오후 11시 42분께 목포시 상동 한 아파트 앞 도로에서 발생한 고교생 무면허 렌터카·승용차 충돌 사고와 관련, 사고 경위 등을 수사하고 있다고 15일 밝혔다. 이 사고로... ","Fri, 08 Oct 2021 19:04:00 +0900"
65,"공주경찰, 무면허로 렌터카 운전하다 사고 낸 중학생 입건",http://news.khan.co.kr/kh_news/khan_art_view.html?artid=202102102039001&code=940202,https://news.naver.com/main/read.naver?mode=LSD&mid=sec&sid1=102&oid=032&aid=0003058884,충남 공주경찰서는 10일 렌터카로 무면허 운전을 하다 사고를 낸 A군(15)을 교통사고 처리 특례법 위반 등의 혐의로 불구속 입건해 조사중이라고 밝혔다. A군은 지난 8일 무면허로 승용차를 세종시에서 공주시까지 약 40... ,"Wed, 10 Feb 2021 20:39:00 +0900"
66,렌터카 '쑥쑥' 크는데 안전성 '빨간불'…사고 건수 5년새 52.4% '급증',https://www.news1.kr/articles/?4284965,https://news.naver.com/main/read.naver?mode=LSD&mid=sec&sid1=101&oid=421&aid=0005310427,특히 운전 미숙이나 무면허 렌터카 사고가 이어지고 있어 본인확인 절차를 강화해야 한다는 목소리가 커지고 있다. ◇렌터카 시장 날로 커지는데…안전성은 '뒷걸음질' 25일 한국소비자원의 '안전성 취약시장... ,"Sun, 25 Apr 2021 07:10:00 +0900"
67,멈추지 않는 질주...'10대 무면허 교통사고',"http://www.edaily.co.kr/news/newspath.asp?newsid=01108646629015464&snapkey=59342,청소년,운전,과속,교통사고,면허,#소년법,도로교통법,안전운전,무면허,교통안전,렌터카,불법대여",https://news.naver.com/main/read.naver?mode=LSD&mid=sec&sid1=102&oid=018&aid=0004899139,사진=연합뉴스) 렌터카 무면허 교통사고 4명 중 1명은 10대 신종 코로나바이러스 감염증(코로나19) 사태 이후 비대면 서비스가 확산되면서 렌터카를 통한 교통사고도 늘고 있다. 비대면으로 이뤄지는 차량 공유... ,"Mon, 12 Apr 2021 00:33:00 +0900"
68,수능 이후 무면허 교통사고 방지...렌터카 불법대여 특별점검,https://www.news1.kr/articles/?4136784,https://news.naver.com/main/read.naver?mode=LSD&mid=sec&sid1=101&oid=421&aid=0005025366,정부가 오는 3일 대학수학능력시험(수능) 이후 고등학생들의 무면허 렌터카 사고를 방지하기 위해 운전자격 확인을 강화한다. 국토교통부는 이달부터 내년 2월까지 100일간 무면허 렌터카 사고 근절을 위한 안전관리... ,"Wed, 02 Dec 2020 11:00:00 +0900"
69,10대 무면허 사고 막자…수능 후 렌터카 무면허 대여 특별점검,http://yna.kr/AKR20201202030100530?did=1195m,https://news.naver.com/main/read.naver?mode=LSD&mid=sec&sid1=101&oid=001&aid=0012054027,"국토부에 따르면 올해 7월 기준 렌터카 등록 대수는 100만 대를 넘어섰으며 이와 함께 무면허 렌터카 교통사고도 늘고 있다. 무면허 사고 건수는 2017년 353건에서 2018년 366건, 지난해 375건으로 증가했다. 특히 미성년자... ","Wed, 02 Dec 2020 11:00:00 +0900"
70,청소년 무면허 렌터카 사고 막는다! 수능 이후 100일간 특별점검 [모터그램],http://www.sisunnews.co.kr/news/articleView.html?idxno=134239,http://www.sisunnews.co.kr/news/articleView.html?idxno=134239,"렌터카의 증가와 함께 무면허 렌터카 교통사고도 증가하고 있으며, 특히 미성년자의 렌터카 대여 및 사고 사례도 지속 발생하고 있다.  이에 보다 편리하고 안전하게 렌터카를 대여, 이용할 수 있도록 △학생안전... ","Wed, 02 Dec 2020 19:17:00 +0900"
71,'무면허 렌터카' 사고방지···수능 끝나고 특별점검,http://www.ktv.go.kr/content/view?content_id=614390,http://www.ktv.go.kr/content/view?content_id=614390,무면허 렌터카 교통사고는 매년 350여 건을 넘나들고 있는 가운데 이처럼 10대 미성년자의 사고가 눈에 띄게 증가하고 있습니다. 지난 4년간 무려 69%나 늘었습니다. 이에 따라 정부는 렌터카 업체의 안전관리를 강화하는... ,"Wed, 02 Dec 2020 14:00:00 +0900"
72,"수능 이후 무면허 렌터카 특별점검, 미성년자 사고 방지",https://www.etoday.co.kr/news/view/1969430,https://www.etoday.co.kr/news/view/1969430,"올해 7월 기준 렌터카 100만 대를 넘어섰고, 무면허 렌터카 교통사고도 늘고 있다. 국토부에 따르면 무면허 사고 건수는 2017년 353건에서 2018년 366건, 지난해 375건으로 증가했다. 특히 미성년자 무면허 사고 건수는 2015년... ","Wed, 02 Dec 2020 14:48:00 +0900"
73,늘어나는 렌터카 무면허 사고...수능 이후 100일간 특별점검 실시,http://www.idsn.co.kr/news/articleView.html?idxno=37268,http://www.idsn.co.kr/news/articleView.html?idxno=37268,이에 따라 렌터카의 증가와 함께 무면허 렌터카 교통사고도 늘어나고 있다. 한국교통안전공단이 발표한 렌터카 교통사고 통계 분석에 따르면 최근 5년간 무면허 사고건수는 3321건으로 매년 8.2% 증가하고 있는 것으로... ,"Wed, 02 Dec 2020 13:46:00 +0900"
74,무면허 렌터카 사고 싹 자른다…수능 이후 100일간 특별점검,http://www.ajunews.com/view/20201202094010156,http://www.ajunews.com/view/20201202094010156,"무면허자에게 렌터카를 대여해 교통사고가 발생한 업체에 대한 관계기관 합동 특별점검도 실시한다. 렌터카 대여를 위한 명의 대여·알선을 금지·처벌하고, 업체의 운전자격 확인 책임을 더욱 강화하는 제도개선도... ","Wed, 02 Dec 2020 11:01:00 +0900"
75,"무면허 렌터카 사망사고, 처벌 청원…靑 과태료 10배 상향, 처벌 강화",https://view.asiae.co.kr/article/2020112415523899619,https://news.naver.com/main/read.naver?mode=LSD&mid=sec&sid1=100&oid=277&aid=0004797788,협력하여 무면허 렌터카 사고 근절을 위해 최선의 노력을 다할 것이라고 말했다. 경찰청은 사건 운전자에 대해 도로교통법상 무면허 운전 및 특가법상 도주치사죄를 적용해 구속 송치했다. 동승자는 도로교통법상... ,"Tue, 24 Nov 2020 16:00:00 +0900"
76,靑 무면허 렌터카 사고 근절 노력…처벌 강화 추진,https://www.news1.kr/articles/?4128754,https://news.naver.com/main/read.naver?mode=LSD&mid=sec&sid1=100&oid=421&aid=0005009711,손명수 국토교통부 2차관은 이날 답변자로 나서 무면허 렌터카 운전으로 인해 갑작스럽게 가족 분을 떠나보내신 청원인과 유족 분들께 깊은 위로의 말씀을 드린다며 정부는 관계 부처와 협력하여 무면허 렌터카 사고... ,"Tue, 24 Nov 2020 16:23:00 +0900"
77,"靑, ‘무면허 렌터카 사망사고 처벌’ 국민청원에 “과태료 10배 상향”",http://www.ajunews.com/view/20201124161822976,http://www.ajunews.com/view/20201124161822976,협력하여 무면허 렌터카 사고 근절을 위해 최선의 노력을 다할 것”이라고 밝혔다. 해당 청원은 지난 10월 1일 전남 화순군에 있는 횡단보도에서 발생한 사고 관련 운전자와 동승자의 처벌을 요구했다. 10대 가해... ,"Tue, 24 Nov 2020 16:22:00 +0900"
78,무면허 렌터카 운전한 10대…논두렁에 차량 박혀 '검거',https://www.hankyung.com/society/article/2021021004347,https://news.naver.com/main/read.naver?mode=LSD&mid=sec&sid1=102&oid=015&aid=0004498033,충남 공주경찰서는 렌터카로 무면허 운전을 하다 사고를 낸 혐의(교통사고 처리 특례법 위반 등)로 A군(15)을 불구속 입건해 조사하고 있다고 10일 밝혔다. 경찰에 따르면 A군은 지난 8일 세종시에서 자신의 가족 명의... ,"Wed, 10 Feb 2021 20:24:00 +0900"
79,"렌터카 교통사고, 무면허·음주운전 위험",http://www.datasom.co.kr/news/articleView.html?idxno=109797,http://www.datasom.co.kr/news/articleView.html?idxno=109797,"그러나 세부항목별로 살펴보면, 최근 5년간 무면허 운전으로 인한 렌터카 교통사고는 연평균 321건이 발생하고, 매년 8.2% 증가하고 있다. 특히, 이 중 10대 무면허 운전으로 인한 렌터카 교통사고는 전체의 37.3%를... ","Fri, 06 Nov 2020 09:59:00 +0900"
80,"한국교통안전공단, '렌터카 교통사고' 무면허‧음주운전 위험!",http://www.thedrive.co.kr/news/newsview.php?ncode=1065574556055377,http://www.thedrive.co.kr/news/newsview.php?ncode=1065574556055377,"한국교통안전공단(이사장 권병윤)은 최근 5년간(`15~`19) 렌터카 교통사고 통계를 분석한 결과, “렌터카 교통사고는 무면허와 음주운전 비율이 높아 취약한 것으로 분석됐다.”고 밝혔다. 한국교통안전공단... ","Fri, 06 Nov 2020 10:02:00 +0900"
81,"운전 자격 미확인 업체, 과태료 10배 상향…'무면허 렌터카 사망사고' 국민...",https://news.sbs.co.kr/news/endPage.do?news_id=N1006089384&plink=ORI&cooper=NAVER,https://news.naver.com/main/read.naver?mode=LSD&mid=sec&sid1=100&oid=055&aid=0000856682,"손명수 국토부 2차관은 국민청원 답변을 통해 렌터카 업체에서 대여자의 운전 자격을 확인하도록 하고 있고 면허가 없는 경우 대여를 금지하고 있지만, 무면허 렌터카 교통사고가 2018년 366건, 2019년 375건으로 이어져... ","Tue, 24 Nov 2020 16:22:00 +0900"
82,화순 무면허 렌터카 사고 국민청원 답변…“면허 미확인 업체 과태료 10배↑”,http://news.kbs.co.kr/news/view.do?ncd=5055429&amp;ref=A,https://news.naver.com/main/read.naver?mode=LSD&mid=sec&sid1=101&oid=056&aid=0010939955,국토부는 10월 전남에서 일어난 10대 무면허 운전 사망사고와 관련해 해당 유족이 올린 국민청원 게시물이 25만 명의 동의를 받자 이 같은 답변을 오늘(24일) 내놨습니다. 국토부는 우선 렌터카 업체가 운전자격을 제대로... ,"Tue, 24 Nov 2020 16:34:00 +0900"
83,렌터카 무면허 교통사고 중 10대 37% [이슈포커스],http://goodnews1.com/news/news_view.asp?seq=104474,http://goodnews1.com/news/news_view.asp?seq=104474,연도별 렌터카 무면허 교통사고는 매년 8.2%씩 증가하고 있습니다. 이 중 10대 무면허 운전으로 인한 렌터카 교통사고는 2015년부터 2019년 5년 동안 총 598건으로 이 기간 전체 렌터카 무면허 교통사고의 37.3%를... ,"Thu, 05 Nov 2020 10:21:00 +0900"
84,"교통안전공단 렌터카 교통사고, 사망자 수는 감소...무면허 운전은 증가",http://www.g-enews.com/ko-kr/news/article/news_all/202011051818594629620e02e8e3_1/article.html,http://www.g-enews.com/ko-kr/news/article/news_all/202011051818594629620e02e8e3_1/article.html,"그러나 세부항목별로 살펴보면, 최근 5년간 렌터카 교통사고 중 무면허 운전 사고는 연평균 321건 발생, 매년 8.2%씩 증가하고 있다. 특히, 이 중 만 18세 이하 미성년자의 무면허 운전으로 인한 렌터카 교통사고는 전체의... ","Thu, 05 Nov 2020 18:26:00 +0900"
85,"교통안전공단 렌터카 교통사고, 무면허‧음주운전 비율 높아 취약",http://www.cstimes.com/news/articleView.html?idxno=437400,http://www.cstimes.com/news/articleView.html?idxno=437400,최근 5년간 렌터카 무면허 교통사고 발생 현황  한국교통안전공단(이사장 권병윤)은 최근 5년간(2015~2019년) 렌터카 교통사고 통계를 분석한 결과 렌터카 교통사고는 무면허와 음주운전 비율이 높아 취약한 것으로... ,"Thu, 05 Nov 2020 00:36:00 +0900"
86,렌터카 무면허 교통사고 매년 증가…10대 무면허 운전이 37%,http://yna.kr/AKR20201104035800530?did=1195m,https://news.naver.com/main/read.naver?mode=LSD&mid=sec&sid1=101&oid=001&aid=0011990866,"한국교통안전공단, 렌터카 교통사고 분석 무면허 운전으로 인한 렌터카 교통사고가 해마다 늘고 있으며, 전체 렌터카 무면허 교통사고 10건 중 3∼4건은 10대의 무면허 운전으로 인한 것으로 나타났다. 4일... ","Wed, 04 Nov 2020 09:07:00 +0900"
87,렌터카 무면허 교통사고 매년 증가…10대 무면허 운전이 37%,http://www.getnews.co.kr/view.php?ud=2020110409115251722fe691f917_16,http://www.getnews.co.kr/view.php?ud=2020110409115251722fe691f917_16,"무면허 운전으로 인한 렌터카 교통사고가 해마다 늘고 있으며, 전체 렌터카 무면허 교통사고 10건 중 3∼4건은 10대의 무면허 운전으로 인한 것으로 나타났다. 4일 한국교통안전공단에 따르면 지난해 렌터카... ","Wed, 04 Nov 2020 09:15:00 +0900"
88,10대 무면허 운전 37%...렌터카 무면허 교통사고 폭증세,https://www.youthdaily.co.kr/news/article.html?no=52059,https://www.youthdaily.co.kr/news/article.html?no=52059,"연도별 렌터카 무면허 교통사고는 2015년 274건, 2016년 237건, 2017년 353건, 2018년 366건, 지난해 375건을 기록했다. 연평균 321건이 발생했으며 매년 8.2%씩 증가한 셈이다. 특히 10대 무면허 운전으로 인한 렌터카... ","Wed, 04 Nov 2020 09:24:00 +0900"
89,렌터카 무면허 교통사고 증가…10건 중 3.7건 10대 운전,http://sports.chosun.com/news/ntype.htm?id=202011050100036040002242&servicedate=20201104,https://news.naver.com/main/read.naver?mode=LSD&mid=sec&sid1=101&oid=076&aid=0003653047,"연도별 렌터카 무면허 교통사고는 2015년 274건, 2016년 237건, 2017년 353건, 2018년 366건, 지난해 375건을 기록했다. 연평균 321건이 발생했으며 매년 8.2% 상승한 셈이다. 특히 10대 무면허 운전으로 인한 렌터카... ","Wed, 04 Nov 2020 15:19:00 +0900"
90,렌터카 무면허 교통사고 매년 증가…10건 중 4건은 10대 운전자,http://www.segye.com/content/html/2020/11/04/20201104516366.html?OutUrl=naver,https://news.naver.com/main/read.naver?mode=LSD&mid=sec&sid1=102&oid=022&aid=0003519820,"렌터카 무면허 교통사고 10건 중 4건은 10대 운전자에 의한 사고였다. 4일 한국교통안전공단이 최근 5년간 렌터카 교통사고 통계를 분석한 결과, 렌터카로 인한 교통사고 사망자 수는 2015년 119명에서 2019년... ","Wed, 04 Nov 2020 14:59:00 +0900"
91,"렌터카 교통사고, 무면허·음주운전 취약",http://www.lawissue.co.kr/view.php?ud=20201104124653336967191f6c6e_12,http://www.lawissue.co.kr/view.php?ud=20201104124653336967191f6c6e_12,"그러나 세부항목별로 살펴보면 무면허 운전으로 인한 렌터카 교통사고는 연평균 321건이 발생하고, 매년 8.2% 증가하고 있다. 특히 이 중 10대 무면허 운전으로 인한 렌터카 교통사고는 전체의 37.3%를 차지하고, 그... ","Wed, 04 Nov 2020 12:49:00 +0900"
92,렌터카 '무면허' 교통사고 매년 증가… 10대 비중 37.3%,http://news.kbiz.or.kr/news/articleView.html?idxno=74303,http://news.kbiz.or.kr/news/articleView.html?idxno=74303,"한국교통안전공단은 최근 5년간(`15~`19) 렌터카 교통사고 통계를 분석한 결과, 렌터카 교통사고는 무면허와 음주운전 비율이 높아 취약한 것으로 분석됐다.고 4일 밝혔다. 한국교통안전공단 분석결과에 따르면, 최근... ","Wed, 04 Nov 2020 09:46:00 +0900"
93,렌터카 무면허 교통사고 매년 증가…10대 무면허 운전이 37%,http://mbnmoney.mbn.co.kr/news/view?news_no=MM1004163206,http://mbnmoney.mbn.co.kr/news/view?news_no=MM1004163206,"한국교통안전공단이 오늘(4일) 발표한 자료에 따르면 지난 5년간 렌터카 무면허 교통사고는 연평균 321건 발생했고, 매년 8.2%씩 증가했습니다. 특히 이 중 10대 무면허 운전으로 인한 렌터카 교통사고는 5년간 총... ","Wed, 04 Nov 2020 09:44:00 +0900"
94,"교통안전공단, 렌터카 무면허 교통사고 증가··· 10대 운전 37%",http://www.siminilbo.co.kr/news/newsview.php?ncode=1065593722185101,http://www.siminilbo.co.kr/news/newsview.php?ncode=1065593722185101,또한 연도별 렌터카 무면허 교통사고는 ▲2015년 274건 ▲2016년 237건 ▲2017년 353건 ▲2018년 366건 ▲2019년 375건을 기록했다. 연평균 321건이 발생했으며 매년 8.2%씩 증가한 셈이다. 특히 10대 무면허 운전으로... ,"Wed, 04 Nov 2020 17:27:00 +0900"
95,교통안전공단 무면허 렌터카 교통사고 매년 증가세,http://www.thefirstmedia.net/news/articleView.html?idxno=65548,http://www.thefirstmedia.net/news/articleView.html?idxno=65548,한국교통안전공단(이사장 권병윤)은 최근 5년간 렌터카 교통사고 통계를 분석한 결과 렌터카 교통사고는 무면허와 음주운전 비율이 높아 취약한 것으로 분석되었다고 밝혔다. 교통안전공단 분석결과에 따르면... ,"Wed, 04 Nov 2020 15:04:00 +0900"
96,"렌터카, 무면허‧음주운전 교통사고 비율보다 높다",http://www.newsian.co.kr/news/articleView.html?idxno=44396,http://www.newsian.co.kr/news/articleView.html?idxno=44396,"(자료=한국교통안전공단) ［뉴시안= 손진석 기자］한국교통안전공단은 4일, 최근 5년간(2015~2019년) 렌터카 교통사고 통계를 분석한 결과 렌터카 교통사고는 무면허와 음주운전 비율이 높아 취약한 것으로 분석되었다... ","Wed, 04 Nov 2020 09:39:00 +0900"
97,"렌터카 교통사고, 무면허·음주운전 비율 높아...",http://www.idsn.co.kr/news/articleView.html?idxno=36040,http://www.idsn.co.kr/news/articleView.html?idxno=36040,"렌터카 교통사고 중 무면허 운전, 음주운전 비율이 높은 것으로 분석됐다.(사진=YTN News 캡처)  렌터카 교통사고 분석결과 무면허와 음주운전 비율이 높은 것으로 드러났다. 한국교통안전공단은 4일 최근 5년간 렌터카... ","Wed, 04 Nov 2020 10:01:00 +0900"
98,렌터카 무면허 교통사고 매년 증가…“만 20세 이하 37%”,http://news.kbs.co.kr/news/view.do?ncd=5040655&amp;ref=A,https://news.naver.com/main/read.naver?mode=LSD&mid=sec&sid1=101&oid=056&aid=0010928261,"무면허 운전으로 인한 렌터카 교통사고가 해마다 늘고 있으며, 전체 렌터카 무면허 교통사고 10건 중 3∼4건은 만 20세 이하의 무면허 운전으로 인한 것으로 나타났습니다. 한국교통안전공단 자료를 보면... ","Wed, 04 Nov 2020 09:32:00 +0900"
99,렌터카 무면허 교통사고 해마다 늘어…사망자 15% 음주,http://www.newsis.com/view/?id=NISX20201104_0001221661&cID=10401&pID=10400,https://news.naver.com/main/read.naver?mode=LSD&mid=sec&sid1=101&oid=003&aid=0010165860,"연도별 렌터카 무면허 교통사고는 2015년 274건, 2016년 237건, 2017년 353건, 2018년 366건에 이어 지난해 375건을 기록했다. 연평균 321건이 발생했으며, 매년 8.2% 씩 증가했다. 특히 이 중 만 20세 이하 무면허 운전으로... ","Wed, 04 Nov 2020 10:15:00 +0900"
